nim,nama_lengkap,angkatan,jabatan
F1E324034,Jihaan Rezkyanda Putri,2024,
F1E325001,Fajri Rahman,2025,
F1E325002,Titi Dwi Agusti Nur Oesman,2025,
F1E325003,Fransisco Angraino,2025,
F1E325005,Rifky Ramadhan,2025,
F1E325006,Cindy Seftiannigsih,2025,
F1E325007,Jeffry Favian Meker,2025,
F1E325008,Yuni Rodear,2025,
F1E325009,Mir'atil Hayati,2025,
F1E325011,Muhammad Abizar Al Ghifari,2025,
F1E325012,Siti Manisa,2025,
F1E325013,Ebin Diarta Pratama,2025,
F1E325014,Galuh Pakuan,2025,
F1E325015,Ello Bagas Wicaksono,2025,
F1E325016,Muhammad Reifan Gustiarrahman,2025,
F1E325017,Shilfiah Nur Fitri,2025,
F1E325018,Muhammad Zaki Evandra,2025,
F1E325020,Muhammad Ikhsan Fasya,2025,
F1E325021,Muhammad Syach Fayrus,2025,
F1E325023,Dimaz Fajri Ramadhan,2025,
F1E325024,Raihan Athallah Firdaus,2025,
F1E325025,Ahmad Zhorif Karim,2025,
F1E325026,Fajri Aulia,2025,
F1E325027,Muhammad Akbar Ciptasati,2025,
F1E325028,Ghatfan Fatih Fahddau,2025,
F1E325029,Faiz Indra Akbar,2025,
F1E325030,Risky Allya Ramadhani,2025,
F1E325031,Sirr Hanif Al Mufarrid,2025,
F1E325032,Nagita Syahira Putri,2025,
F1E325033,Fadli Azzuhry,2025,
F1E325034,Roben Tio Al Haq,2025,
F1E325035,Muhammad Zaki Daisa Ammar,2025,
F1E325036,Measya Shafila Veliandri,2025,
F1E325037,Nabila Lidyan Nisa,2025,
F1E325038,Davha Islami Haris,2025,
F1E325039,Sartika,2025,
F1E325040,Nanditha Novelie Mykella,2025,
F1E325041,Abdur Rouf,2025,
F1E325042,Dava Fajar Al'valah,2025,
F1E325043,Muhammad Albar Al-Zaky,2025,
F1E325044,Dendra Wahyu Maulana,2025,
F1E325045,Nurriska Alfadilah,2025,
F1E325046,Muhammad Fachri Saputra,2025,
F1E325047,Haikal Razan,2025,
F1E325048,Muhammad Adrian Alfibran,2025,
F1E325050,Naziroh,2025,
F1E325051,Fachriza Wulan Sunjaya,2025,
F1E325052,Hylma Febryadi,2025,
F1E325053,Sebastian Muhtadi,2025,
F1E325054,Ibnu Ubaidillah,2025,
F1E325055,Muhammad Dennis Pratama Putra,2025,
F1E325059,Alfredo Nobel Tambunan,2025,
F1E325060,Iftikhar Syarif,2025,
F1E325062,Rafli Rahmat,2025,
F1E325063,Muhammad Aziz Syah Dani,2025,
F1E325064,Finanda Susita,2025,
F1E325066,Alya Resya Madani,2025,
F1E325067,Pascal Touriqe Alkhoiri,2025,
F1E325068,Bambang Rudi Sya'ban,2025,
F1E325069,Ihsan Sandi Pratama,2025,